{
  "feature_order": [
    "age",
    "partner",
    "dependents",
    "tenure_months",
    "tech_support",
    "online_security",
    "streaming_service",
    "paperless_billing",
    "monthly_charges",
    "avg_monthly_usage_gb",
    "support_calls_6mo",
    "late_payments_12mo",
    "satisfaction_score",
    "contract_One year",
    "contract_Two year",
    "internet_service_Fiber optic",
    "internet_service_No",
    "payment_method_Credit card",
    "payment_method_Electronic check",
    "payment_method_Mailed check"
  ],
  "coefficients": [
    -0.022180053091477553,
    0.027033431402926144,
    0.02796121453173792,
    -0.4574936766757718,
    -0.17436036228508794,
    -0.24074915979272732,
    -0.03873531304236974,
    0.02928290803203839,
    0.22566656441544636,
    -0.12092004977951178,
    0.3736170250632281,
    0.15286636992452718,
    -0.7543999952000309,
    -0.6255917238267444,
    -0.8351900941292001,
    0.283286293468057,
    -0.11405808688725556,
    -0.033644738287762425,
    0.16687102612850113,
    -0.059334917677688864
  ],
  "intercept": -1.089900884192974,
  "scaler_mean": [
    42.684266666666666,
    0.48746666666666666,
    0.30906666666666666,
    24.1656,
    0.40026666666666666,
    0.3752,
    0.44506666666666667,
    0.6008,
    62.24523466666667,
    79.59744,
    1.2597333333333334,
    0.5925333333333334,
    3.0370666666666666,
    0.26,
    0.18693333333333334,
    0.4432,
    0.21333333333333335,
    0.2541333333333333,
    0.3389333333333333,
    0.1816
  ],
  "scaler_scale": [
    13.583599638125708,
    0.49984289087227757,
    0.46210871255822716,
    16.173279711919903,
    0.4899523060688889,
    0.4841745139926305,
    0.4969731671719198,
    0.4897339685992794,
    26.215141374116822,
    55.227758323567684,
    1.134080506646488,
    0.7647903300179003,
    1.4125011134705543,
    0.43863424398922624,
    0.3898580026397075,
    0.49676328366738215,
    0.4096611065529924,
    0.43537292316153764,
    0.4733471547277842,
    0.3855145133454771
  ],
  "test_auc": 0.7881,
  "train_rows": 3750
}